<?xml version="1.0" encoding="utf-8"?><feed xmlns="http://www.w3.org/2005/Atom" ><generator uri="https://jekyllrb.com/" version="4.0.0">Jekyll</generator><link href="http://localhost:4000/feed.xml" rel="self" type="application/atom+xml" /><link href="http://localhost:4000/" rel="alternate" type="text/html" /><updated>2020-02-19T16:18:25-03:00</updated><id>http://localhost:4000/feed.xml</id><title type="html">The Piguim</title><subtitle>Site sobre Jekyll feito com Bootstrap, para o Curso de Desenvolvimento Web do Zero no Linux.</subtitle><entry><title type="html">Welcome to Jekyll!</title><link href="http://localhost:4000/welcome-to-jekyll/" rel="alternate" type="text/html" title="Welcome to Jekyll!" /><published>2020-02-19T14:47:59-03:00</published><updated>2020-02-19T14:47:59-03:00</updated><id>http://localhost:4000/welcome-to-jekyll</id><content type="html" xml:base="http://localhost:4000/welcome-to-jekyll/">&lt;p&gt;You’ll find this post in your &lt;code class=&quot;highlighter-rouge&quot;&gt;_posts&lt;/code&gt; directory. Go ahead and edit it and re-build the site to see your changes. You can rebuild the site in many different ways, but the most common way is to run &lt;code class=&quot;highlighter-rouge&quot;&gt;jekyll serve&lt;/code&gt;, which launches a web server and auto-regenerates your site when a file is updated.&lt;/p&gt;

&lt;p&gt;Jekyll requires blog post files to be named according to the following format:&lt;/p&gt;

&lt;p&gt;&lt;code class=&quot;highlighter-rouge&quot;&gt;YEAR-MONTH-DAY-title.MARKUP&lt;/code&gt;&lt;/p&gt;

&lt;p&gt;Where &lt;code class=&quot;highlighter-rouge&quot;&gt;YEAR&lt;/code&gt; is a four-digit number, &lt;code class=&quot;highlighter-rouge&quot;&gt;MONTH&lt;/code&gt; and &lt;code class=&quot;highlighter-rouge&quot;&gt;DAY&lt;/code&gt; are both two-digit numbers, and &lt;code class=&quot;highlighter-rouge&quot;&gt;MARKUP&lt;/code&gt; is the file extension representing the format used in the file. After that, include the necessary front matter. Take a look at the source for this post to get an idea about how it works.&lt;/p&gt;

&lt;p&gt;Jekyll also offers powerful support for code snippets:&lt;/p&gt;

&lt;figure class=&quot;highlight&quot;&gt;&lt;pre&gt;&lt;code class=&quot;language-ruby&quot; data-lang=&quot;ruby&quot;&gt;&lt;span class=&quot;k&quot;&gt;def&lt;/span&gt; &lt;span class=&quot;nf&quot;&gt;print_hi&lt;/span&gt;&lt;span class=&quot;p&quot;&gt;(&lt;/span&gt;&lt;span class=&quot;nb&quot;&gt;name&lt;/span&gt;&lt;span class=&quot;p&quot;&gt;)&lt;/span&gt;
  &lt;span class=&quot;nb&quot;&gt;puts&lt;/span&gt; &lt;span class=&quot;s2&quot;&gt;&quot;Hi, &lt;/span&gt;&lt;span class=&quot;si&quot;&gt;#{&lt;/span&gt;&lt;span class=&quot;nb&quot;&gt;name&lt;/span&gt;&lt;span class=&quot;si&quot;&gt;}&lt;/span&gt;&lt;span class=&quot;s2&quot;&gt;&quot;&lt;/span&gt;
&lt;span class=&quot;k&quot;&gt;end&lt;/span&gt;
&lt;span class=&quot;n&quot;&gt;print_hi&lt;/span&gt;&lt;span class=&quot;p&quot;&gt;(&lt;/span&gt;&lt;span class=&quot;s1&quot;&gt;'Tom'&lt;/span&gt;&lt;span class=&quot;p&quot;&gt;)&lt;/span&gt;
&lt;span class=&quot;c1&quot;&gt;#=&amp;gt; prints 'Hi, Tom' to STDOUT.&lt;/span&gt;&lt;/code&gt;&lt;/pre&gt;&lt;/figure&gt;

&lt;p&gt;Check out the &lt;a href=&quot;https://jekyllrb.com/docs/home&quot;&gt;Jekyll docs&lt;/a&gt; for more info on how to get the most out of Jekyll. File all bugs/feature requests at &lt;a href=&quot;https://github.com/jekyll/jekyll&quot;&gt;Jekyll’s GitHub repo&lt;/a&gt;. If you have questions, you can ask them on &lt;a href=&quot;https://talk.jekyllrb.com/&quot;&gt;Jekyll Talk&lt;/a&gt;.&lt;/p&gt;</content><author><name></name></author><summary type="html">You’ll find this post in your _posts directory. Go ahead and edit it and re-build the site to see your changes. You can rebuild the site in many different ways, but the most common way is to run jekyll serve, which launches a web server and auto-regenerates your site when a file is updated.</summary><media:thumbnail xmlns:media="http://search.yahoo.com/mrss/" url="http://localhost:4000/assets/img/jekyll/terminalroot.png" /><media:content medium="image" url="http://localhost:4000/assets/img/jekyll/terminalroot.png" xmlns:media="http://search.yahoo.com/mrss/" /></entry><entry><title type="html">Minha Postagem Qualquer de Exemplo</title><link href="http://localhost:4000/minha-postagem-qualquer-de-exemplo/" rel="alternate" type="text/html" title="Minha Postagem Qualquer de Exemplo" /><published>2020-02-19T13:11:32-03:00</published><updated>2020-02-19T13:11:32-03:00</updated><id>http://localhost:4000/minha-postagem-qualquer-de-exemplo</id><content type="html" xml:base="http://localhost:4000/minha-postagem-qualquer-de-exemplo/">&lt;p&gt;&lt;img src=&quot;/assets/img/skell/14.jpg&quot; alt=&quot;Jhasjd asjdha sd &quot; /&gt;&lt;/p&gt;

&lt;p&gt;kahsdkasbd
kasjdasd 
kkasd&lt;/p&gt;

&lt;h2 id=&quot;aksdkasd&quot;&gt;aksdkasd&lt;/h2&gt;

&lt;figure class=&quot;highlight&quot;&gt;&lt;pre&gt;&lt;code class=&quot;language-bash&quot; data-lang=&quot;bash&quot;&gt;&lt;span class=&quot;nb&quot;&gt;sudo &lt;/span&gt;teste para teste2&lt;/code&gt;&lt;/pre&gt;&lt;/figure&gt;</content><author><name></name></author><category term="teste" /><category term="jekyll" /><category term="algo" /><summary type="html"></summary><media:thumbnail xmlns:media="http://search.yahoo.com/mrss/" url="http://localhost:4000/assets/img/skell/14.jpg" /><media:content medium="image" url="http://localhost:4000/assets/img/skell/14.jpg" xmlns:media="http://search.yahoo.com/mrss/" /></entry><entry><title type="html">Accumulated experience of social living</title><link href="http://localhost:4000/acumulated-experience/" rel="alternate" type="text/html" title="Accumulated experience of social living" /><published>2018-06-12T00:00:00-03:00</published><updated>2018-06-12T00:00:00-03:00</updated><id>http://localhost:4000/acumulated-experience</id><content type="html" xml:base="http://localhost:4000/acumulated-experience/">&lt;p&gt;The die cut has also been employed in the non-juvenile sphere as well, a recent example being Jonathan Safran Foer’s ambitious Tree of Codes.&lt;/p&gt;

&lt;p&gt;As for this particular rendition of Charles Perrault’s classic tale, the text and design is by Lydia Very (1823-1901), sister of Transcendentalist poet Jones Very. The gruesome ending of the original - which sees Little Red Riding Hood being gobbled up as well as her grandmother - is avoided here, the gore giving way to the less bloody aims of the morality tale, and the lesson that one should not disobey one’s mother.&lt;/p&gt;

&lt;p&gt;The first mass-produced book to deviate from a rectilinear format, at least in the United States, is thought to be this 1863 edition of Red Riding Hood, cut into the shape of the protagonist herself with the troublesome wolf curled at her feet. Produced by the Boston-based publisher Louis Prang, this is the first in their “Doll Series”, a set of five “die-cut” books, known also as shape books — the other titles being Robinson Crusoe, Goody Two-Shoes (also written by Red Riding Hood author Lydia Very), Cinderella, and King Winter.&lt;/p&gt;

&lt;p&gt;An 1868 Prang catalogue would later claim that such “books in the shape of a regular paper Doll… originated with us”.&lt;/p&gt;

&lt;blockquote&gt;
  &lt;p&gt;It would seem the claim could also extend to die cut books in general, as we can’t find anything sooner, but do let us know in the comments if you have further light to shed on this! Such books are, of course, still popular in children’s publishing today, though the die cutting is not now limited to mere outlines, as evidenced in a beautiful 2014 version of the same Little Red Riding Hood story.&lt;/p&gt;
&lt;/blockquote&gt;</content><author><name>sal</name></author><summary type="html">The die cut has also been employed in the non-juvenile sphere as well, a recent example being Jonathan Safran Foer’s ambitious Tree of Codes.</summary><media:thumbnail xmlns:media="http://search.yahoo.com/mrss/" url="http://localhost:4000/assets/img/skell/15.jpg" /><media:content medium="image" url="http://localhost:4000/assets/img/skell/15.jpg" xmlns:media="http://search.yahoo.com/mrss/" /></entry><entry><title type="html">Education must also train one for quick, resolute and effective thinking.</title><link href="http://localhost:4000/education/" rel="alternate" type="text/html" title="Education must also train one for quick, resolute and effective thinking." /><published>2018-06-12T00:00:00-03:00</published><updated>2018-06-12T00:00:00-03:00</updated><id>http://localhost:4000/education</id><content type="html" xml:base="http://localhost:4000/education/">&lt;p&gt;There are lots of powerful things you can do with the Markdown editor&lt;/p&gt;

&lt;p&gt;If you’ve gotten pretty comfortable with writing in Markdown, then you may enjoy some more advanced tips about the types of things you can do with Markdown!&lt;/p&gt;

&lt;p&gt;As with the last post about the editor, you’ll want to be actually editing this post as you read it so that you can see all the Markdown code we’re using.&lt;/p&gt;

&lt;h2 id=&quot;special-formatting&quot;&gt;Special formatting&lt;/h2&gt;

&lt;p&gt;As well as bold and italics, you can also use some other special formatting in Markdown when the need arises, for example:&lt;/p&gt;

&lt;ul&gt;
  &lt;li&gt;&lt;del&gt;strike through&lt;/del&gt;&lt;/li&gt;
  &lt;li&gt;==highlight==&lt;/li&gt;
  &lt;li&gt;*escaped characters*&lt;/li&gt;
&lt;/ul&gt;

&lt;h2 id=&quot;writing-code-blocks&quot;&gt;Writing code blocks&lt;/h2&gt;

&lt;p&gt;There are two types of code elements which can be inserted in Markdown, the first is inline, and the other is block. Inline code is formatted by wrapping any word or words in back-ticks, &lt;code class=&quot;highlighter-rouge&quot;&gt;like this&lt;/code&gt;. Larger snippets of code can be displayed across multiple lines using triple back ticks:&lt;/p&gt;

&lt;div class=&quot;highlighter-rouge&quot;&gt;&lt;div class=&quot;highlight&quot;&gt;&lt;pre class=&quot;highlight&quot;&gt;&lt;code&gt;.my-link {
    text-decoration: underline;
}
&lt;/code&gt;&lt;/pre&gt;&lt;/div&gt;&lt;/div&gt;

&lt;p&gt;If you want to get really fancy, you can even add syntax highlighting using Rouge.&lt;/p&gt;

&lt;p&gt;&lt;img src=&quot;/assets/img/skell/8.jpg&quot; alt=&quot;walking&quot; /&gt;&lt;/p&gt;

&lt;h2 id=&quot;reference-lists&quot;&gt;Reference lists&lt;/h2&gt;

&lt;p&gt;The quick brown jumped over the lazy.&lt;/p&gt;

&lt;p&gt;Another way to insert links in markdown is using reference lists. You might want to use this style of linking to cite reference material in a Wikipedia-style. All of the links are listed at the end of the document, so you can maintain full separation between content and its source or reference.&lt;/p&gt;

&lt;h2 id=&quot;full-html&quot;&gt;Full HTML&lt;/h2&gt;

&lt;p&gt;Perhaps the best part of Markdown is that you’re never limited to just Markdown. You can write HTML directly in the Markdown editor and it will just work as HTML usually does. No limits! Here’s a standard YouTube embed code as an example:&lt;/p&gt;

&lt;p&gt;&lt;iframe style=&quot;width:100%;&quot; height=&quot;315&quot; src=&quot;https://www.youtube.com/embed/Cniqsc9QfDo?rel=0&amp;amp;showinfo=0&quot; frameborder=&quot;0&quot; allowfullscreen=&quot;&quot;&gt;&lt;/iframe&gt;&lt;/p&gt;</content><author><name>john</name></author><summary type="html">There are lots of powerful things you can do with the Markdown editor</summary><media:thumbnail xmlns:media="http://search.yahoo.com/mrss/" url="http://localhost:4000/assets/img/skell/3.jpg" /><media:content medium="image" url="http://localhost:4000/assets/img/skell/3.jpg" xmlns:media="http://search.yahoo.com/mrss/" /></entry><entry><title type="html">The first mass-produced book to deviate from a rectilinear format</title><link href="http://localhost:4000/first-mass-produced/" rel="alternate" type="text/html" title="The first mass-produced book to deviate from a rectilinear format" /><published>2018-06-12T00:00:00-03:00</published><updated>2018-06-12T00:00:00-03:00</updated><id>http://localhost:4000/first-mass-produced</id><content type="html" xml:base="http://localhost:4000/first-mass-produced/">&lt;p&gt;The first mass-produced book to deviate from a rectilinear format, at least in the United States, is thought to be this 1863 edition of Red Riding Hood, cut into the shape of the protagonist herself with the troublesome wolf curled at her feet. Produced by the Boston-based publisher Louis Prang, this is the first in their “Doll Series”, a set of five “die-cut” books, known also as shape books — the other titles being Robinson Crusoe, Goody Two-Shoes (also written by Red Riding Hood author Lydia Very), Cinderella, and King Winter.&lt;/p&gt;

&lt;p&gt;An 1868 Prang catalogue would later claim that such “books in the shape of a regular paper Doll… originated with us”.&lt;/p&gt;

&lt;blockquote&gt;
  &lt;p&gt;It would seem the claim could also extend to die cut books in general, as we can’t find anything sooner, but do let us know in the comments if you have further light to shed on this! Such books are, of course, still popular in children’s publishing today, though the die cutting is not now limited to mere outlines, as evidenced in a beautiful 2014 version of the same Little Red Riding Hood story.&lt;/p&gt;
&lt;/blockquote&gt;

&lt;p&gt;The die cut has also been employed in the non-juvenile sphere as well, a recent example being Jonathan Safran Foer’s ambitious Tree of Codes.&lt;/p&gt;

&lt;p&gt;As for this particular rendition of Charles Perrault’s classic tale, the text and design is by Lydia Very (1823-1901), sister of Transcendentalist poet Jones Very. The gruesome ending of the original - which sees Little Red Riding Hood being gobbled up as well as her grandmother - is avoided here, the gore giving way to the less bloody aims of the morality tale, and the lesson that one should not disobey one’s mother.&lt;/p&gt;</content><author><name>sal</name></author><summary type="html">The first mass-produced book to deviate from a rectilinear format, at least in the United States, is thought to be this 1863 edition of Red Riding Hood, cut into the shape of the protagonist herself with the troublesome wolf curled at her feet. Produced by the Boston-based publisher Louis Prang, this is the first in their “Doll Series”, a set of five “die-cut” books, known also as shape books — the other titles being Robinson Crusoe, Goody Two-Shoes (also written by Red Riding Hood author Lydia Very), Cinderella, and King Winter.</summary><media:thumbnail xmlns:media="http://search.yahoo.com/mrss/" url="http://localhost:4000/assets/img/skell/17.jpg" /><media:content medium="image" url="http://localhost:4000/assets/img/skell/17.jpg" xmlns:media="http://search.yahoo.com/mrss/" /></entry><entry><title type="html">Powerful things you can do with the Markdown editor</title><link href="http://localhost:4000/powerful-things-markdown-editor/" rel="alternate" type="text/html" title="Powerful things you can do with the Markdown editor" /><published>2018-06-12T00:00:00-03:00</published><updated>2018-06-12T00:00:00-03:00</updated><id>http://localhost:4000/powerful-things-markdown-editor</id><content type="html" xml:base="http://localhost:4000/powerful-things-markdown-editor/">&lt;p&gt;There are lots of powerful things you can do with the Markdown editor. If you’ve gotten pretty comfortable with writing in Markdown, then you may enjoy some more advanced tips about the types of things you can do with Markdown!&lt;/p&gt;

&lt;p&gt;As with the last post about the editor, you’ll want to be actually editing this post as you read it so that you can see all the Markdown code we’re using.&lt;/p&gt;

&lt;h2 id=&quot;special-formatting&quot;&gt;Special formatting&lt;/h2&gt;

&lt;p&gt;As well as bold and italics, you can also use some other special formatting in Markdown when the need arises, for example:&lt;/p&gt;

&lt;ul&gt;
  &lt;li&gt;&lt;del&gt;strike through&lt;/del&gt;&lt;/li&gt;
  &lt;li&gt;==highlight==&lt;/li&gt;
  &lt;li&gt;*escaped characters*&lt;/li&gt;
&lt;/ul&gt;

&lt;h2 id=&quot;writing-code-blocks&quot;&gt;Writing code blocks&lt;/h2&gt;

&lt;p&gt;There are two types of code elements which can be inserted in Markdown, the first is inline, and the other is block. Inline code is formatted by wrapping any word or words in back-ticks, &lt;code class=&quot;highlighter-rouge&quot;&gt;like this&lt;/code&gt;. Larger snippets of code can be displayed across multiple lines using triple back ticks:&lt;/p&gt;

&lt;div class=&quot;highlighter-rouge&quot;&gt;&lt;div class=&quot;highlight&quot;&gt;&lt;pre class=&quot;highlight&quot;&gt;&lt;code&gt;.my-link {
    text-decoration: underline;
}
&lt;/code&gt;&lt;/pre&gt;&lt;/div&gt;&lt;/div&gt;

&lt;h4 id=&quot;html&quot;&gt;HTML&lt;/h4&gt;

&lt;div class=&quot;language-html highlighter-rouge&quot;&gt;&lt;div class=&quot;highlight&quot;&gt;&lt;pre class=&quot;highlight&quot;&gt;&lt;code&gt;&lt;span class=&quot;nt&quot;&gt;&amp;lt;li&lt;/span&gt; &lt;span class=&quot;na&quot;&gt;class=&lt;/span&gt;&lt;span class=&quot;s&quot;&gt;&quot;ml-1 mr-1&quot;&lt;/span&gt;&lt;span class=&quot;nt&quot;&gt;&amp;gt;&lt;/span&gt;
    &lt;span class=&quot;nt&quot;&gt;&amp;lt;a&lt;/span&gt; &lt;span class=&quot;na&quot;&gt;target=&lt;/span&gt;&lt;span class=&quot;s&quot;&gt;&quot;_blank&quot;&lt;/span&gt; &lt;span class=&quot;na&quot;&gt;href=&lt;/span&gt;&lt;span class=&quot;s&quot;&gt;&quot;#&quot;&lt;/span&gt;&lt;span class=&quot;nt&quot;&gt;&amp;gt;&lt;/span&gt;
    &lt;span class=&quot;nt&quot;&gt;&amp;lt;i&lt;/span&gt; &lt;span class=&quot;na&quot;&gt;class=&lt;/span&gt;&lt;span class=&quot;s&quot;&gt;&quot;fab fa-twitter&quot;&lt;/span&gt;&lt;span class=&quot;nt&quot;&gt;&amp;gt;&amp;lt;/i&amp;gt;&lt;/span&gt;
    &lt;span class=&quot;nt&quot;&gt;&amp;lt;/a&amp;gt;&lt;/span&gt;
&lt;span class=&quot;nt&quot;&gt;&amp;lt;/li&amp;gt;&lt;/span&gt;
&lt;/code&gt;&lt;/pre&gt;&lt;/div&gt;&lt;/div&gt;

&lt;h4 id=&quot;css&quot;&gt;CSS&lt;/h4&gt;

&lt;div class=&quot;language-css highlighter-rouge&quot;&gt;&lt;div class=&quot;highlight&quot;&gt;&lt;pre class=&quot;highlight&quot;&gt;&lt;code&gt;&lt;span class=&quot;nc&quot;&gt;.highlight&lt;/span&gt; &lt;span class=&quot;nc&quot;&gt;.c&lt;/span&gt; &lt;span class=&quot;p&quot;&gt;{&lt;/span&gt;
    &lt;span class=&quot;nl&quot;&gt;color&lt;/span&gt;&lt;span class=&quot;p&quot;&gt;:&lt;/span&gt; &lt;span class=&quot;m&quot;&gt;#999988&lt;/span&gt;&lt;span class=&quot;p&quot;&gt;;&lt;/span&gt;
    &lt;span class=&quot;nl&quot;&gt;font-style&lt;/span&gt;&lt;span class=&quot;p&quot;&gt;:&lt;/span&gt; &lt;span class=&quot;nb&quot;&gt;italic&lt;/span&gt;&lt;span class=&quot;p&quot;&gt;;&lt;/span&gt; 
&lt;span class=&quot;p&quot;&gt;}&lt;/span&gt;
&lt;span class=&quot;nc&quot;&gt;.highlight&lt;/span&gt; &lt;span class=&quot;nc&quot;&gt;.err&lt;/span&gt; &lt;span class=&quot;p&quot;&gt;{&lt;/span&gt;
    &lt;span class=&quot;nl&quot;&gt;color&lt;/span&gt;&lt;span class=&quot;p&quot;&gt;:&lt;/span&gt; &lt;span class=&quot;m&quot;&gt;#a61717&lt;/span&gt;&lt;span class=&quot;p&quot;&gt;;&lt;/span&gt;
    &lt;span class=&quot;nl&quot;&gt;background-color&lt;/span&gt;&lt;span class=&quot;p&quot;&gt;:&lt;/span&gt; &lt;span class=&quot;m&quot;&gt;#e3d2d2&lt;/span&gt;&lt;span class=&quot;p&quot;&gt;;&lt;/span&gt; 
&lt;span class=&quot;p&quot;&gt;}&lt;/span&gt;
&lt;/code&gt;&lt;/pre&gt;&lt;/div&gt;&lt;/div&gt;

&lt;h4 id=&quot;js&quot;&gt;JS&lt;/h4&gt;

&lt;div class=&quot;language-js highlighter-rouge&quot;&gt;&lt;div class=&quot;highlight&quot;&gt;&lt;pre class=&quot;highlight&quot;&gt;&lt;code&gt;&lt;span class=&quot;c1&quot;&gt;// alertbar later&lt;/span&gt;
&lt;span class=&quot;nx&quot;&gt;$&lt;/span&gt;&lt;span class=&quot;p&quot;&gt;(&lt;/span&gt;&lt;span class=&quot;nb&quot;&gt;document&lt;/span&gt;&lt;span class=&quot;p&quot;&gt;).&lt;/span&gt;&lt;span class=&quot;nx&quot;&gt;scroll&lt;/span&gt;&lt;span class=&quot;p&quot;&gt;(&lt;/span&gt;&lt;span class=&quot;kd&quot;&gt;function&lt;/span&gt; &lt;span class=&quot;p&quot;&gt;()&lt;/span&gt; &lt;span class=&quot;p&quot;&gt;{&lt;/span&gt;
    &lt;span class=&quot;kd&quot;&gt;var&lt;/span&gt; &lt;span class=&quot;nx&quot;&gt;y&lt;/span&gt; &lt;span class=&quot;o&quot;&gt;=&lt;/span&gt; &lt;span class=&quot;nx&quot;&gt;$&lt;/span&gt;&lt;span class=&quot;p&quot;&gt;(&lt;/span&gt;&lt;span class=&quot;k&quot;&gt;this&lt;/span&gt;&lt;span class=&quot;p&quot;&gt;).&lt;/span&gt;&lt;span class=&quot;nx&quot;&gt;scrollTop&lt;/span&gt;&lt;span class=&quot;p&quot;&gt;();&lt;/span&gt;
    &lt;span class=&quot;k&quot;&gt;if&lt;/span&gt; &lt;span class=&quot;p&quot;&gt;(&lt;/span&gt;&lt;span class=&quot;nx&quot;&gt;y&lt;/span&gt; &lt;span class=&quot;o&quot;&gt;&amp;gt;&lt;/span&gt; &lt;span class=&quot;mi&quot;&gt;280&lt;/span&gt;&lt;span class=&quot;p&quot;&gt;)&lt;/span&gt; &lt;span class=&quot;p&quot;&gt;{&lt;/span&gt;
        &lt;span class=&quot;nx&quot;&gt;$&lt;/span&gt;&lt;span class=&quot;p&quot;&gt;(&lt;/span&gt;&lt;span class=&quot;dl&quot;&gt;'&lt;/span&gt;&lt;span class=&quot;s1&quot;&gt;.alertbar&lt;/span&gt;&lt;span class=&quot;dl&quot;&gt;'&lt;/span&gt;&lt;span class=&quot;p&quot;&gt;).&lt;/span&gt;&lt;span class=&quot;nx&quot;&gt;fadeIn&lt;/span&gt;&lt;span class=&quot;p&quot;&gt;();&lt;/span&gt;
    &lt;span class=&quot;p&quot;&gt;}&lt;/span&gt; &lt;span class=&quot;k&quot;&gt;else&lt;/span&gt; &lt;span class=&quot;p&quot;&gt;{&lt;/span&gt;
        &lt;span class=&quot;nx&quot;&gt;$&lt;/span&gt;&lt;span class=&quot;p&quot;&gt;(&lt;/span&gt;&lt;span class=&quot;dl&quot;&gt;'&lt;/span&gt;&lt;span class=&quot;s1&quot;&gt;.alertbar&lt;/span&gt;&lt;span class=&quot;dl&quot;&gt;'&lt;/span&gt;&lt;span class=&quot;p&quot;&gt;).&lt;/span&gt;&lt;span class=&quot;nx&quot;&gt;fadeOut&lt;/span&gt;&lt;span class=&quot;p&quot;&gt;();&lt;/span&gt;
    &lt;span class=&quot;p&quot;&gt;}&lt;/span&gt;
&lt;span class=&quot;p&quot;&gt;});&lt;/span&gt;
&lt;/code&gt;&lt;/pre&gt;&lt;/div&gt;&lt;/div&gt;

&lt;h4 id=&quot;python&quot;&gt;Python&lt;/h4&gt;

&lt;div class=&quot;language-python highlighter-rouge&quot;&gt;&lt;div class=&quot;highlight&quot;&gt;&lt;pre class=&quot;highlight&quot;&gt;&lt;code&gt;&lt;span class=&quot;k&quot;&gt;print&lt;/span&gt;&lt;span class=&quot;p&quot;&gt;(&lt;/span&gt;&lt;span class=&quot;s&quot;&gt;&quot;Hello World&quot;&lt;/span&gt;&lt;span class=&quot;p&quot;&gt;)&lt;/span&gt;
&lt;/code&gt;&lt;/pre&gt;&lt;/div&gt;&lt;/div&gt;

&lt;h4 id=&quot;ruby&quot;&gt;Ruby&lt;/h4&gt;

&lt;div class=&quot;language-ruby highlighter-rouge&quot;&gt;&lt;div class=&quot;highlight&quot;&gt;&lt;pre class=&quot;highlight&quot;&gt;&lt;code&gt;&lt;span class=&quot;nb&quot;&gt;require&lt;/span&gt; &lt;span class=&quot;s1&quot;&gt;'redcarpet'&lt;/span&gt;
&lt;span class=&quot;n&quot;&gt;markdown&lt;/span&gt; &lt;span class=&quot;o&quot;&gt;=&lt;/span&gt; &lt;span class=&quot;no&quot;&gt;Redcarpet&lt;/span&gt;&lt;span class=&quot;p&quot;&gt;.&lt;/span&gt;&lt;span class=&quot;nf&quot;&gt;new&lt;/span&gt;&lt;span class=&quot;p&quot;&gt;(&lt;/span&gt;&lt;span class=&quot;s2&quot;&gt;&quot;Hello World!&quot;&lt;/span&gt;&lt;span class=&quot;p&quot;&gt;)&lt;/span&gt;
&lt;span class=&quot;nb&quot;&gt;puts&lt;/span&gt; &lt;span class=&quot;n&quot;&gt;markdown&lt;/span&gt;&lt;span class=&quot;p&quot;&gt;.&lt;/span&gt;&lt;span class=&quot;nf&quot;&gt;to_html&lt;/span&gt;
&lt;/code&gt;&lt;/pre&gt;&lt;/div&gt;&lt;/div&gt;

&lt;h4 id=&quot;c&quot;&gt;C&lt;/h4&gt;

&lt;div class=&quot;language-c highlighter-rouge&quot;&gt;&lt;div class=&quot;highlight&quot;&gt;&lt;pre class=&quot;highlight&quot;&gt;&lt;code&gt;&lt;span class=&quot;n&quot;&gt;printf&lt;/span&gt;&lt;span class=&quot;p&quot;&gt;(&lt;/span&gt;&lt;span class=&quot;s&quot;&gt;&quot;Hello World&quot;&lt;/span&gt;&lt;span class=&quot;p&quot;&gt;);&lt;/span&gt;
&lt;/code&gt;&lt;/pre&gt;&lt;/div&gt;&lt;/div&gt;

&lt;p&gt;&lt;img src=&quot;/assets/img/skell/8.jpg&quot; alt=&quot;walking&quot; /&gt;&lt;/p&gt;

&lt;h2 id=&quot;reference-lists&quot;&gt;Reference lists&lt;/h2&gt;

&lt;p&gt;The quick brown jumped over the lazy.&lt;/p&gt;

&lt;p&gt;Another way to insert links in markdown is using reference lists. You might want to use this style of linking to cite reference material in a Wikipedia-style. All of the links are listed at the end of the document, so you can maintain full separation between content and its source or reference.&lt;/p&gt;

&lt;h2 id=&quot;full-html&quot;&gt;Full HTML&lt;/h2&gt;

&lt;p&gt;Perhaps the best part of Markdown is that you’re never limited to just Markdown. You can write HTML directly in the Markdown editor and it will just work as HTML usually does. No limits! Here’s a standard YouTube embed code as an example:&lt;/p&gt;

&lt;p&gt;&lt;iframe style=&quot;width:100%;&quot; height=&quot;315&quot; src=&quot;https://www.youtube.com/embed/Cniqsc9QfDo?rel=0&amp;amp;showinfo=0&quot; frameborder=&quot;0&quot; allowfullscreen=&quot;&quot;&gt;&lt;/iframe&gt;&lt;/p&gt;</content><author><name>sal</name></author><summary type="html">There are lots of powerful things you can do with the Markdown editor. If you’ve gotten pretty comfortable with writing in Markdown, then you may enjoy some more advanced tips about the types of things you can do with Markdown!</summary><media:thumbnail xmlns:media="http://search.yahoo.com/mrss/" url="http://localhost:4000/assets/img/skell/16.jpg" /><media:content medium="image" url="http://localhost:4000/assets/img/skell/16.jpg" xmlns:media="http://search.yahoo.com/mrss/" /></entry><entry><title type="html">About Bundler</title><link href="http://localhost:4000/about-bundler/" rel="alternate" type="text/html" title="About Bundler" /><published>2018-05-12T00:00:00-03:00</published><updated>2018-05-12T00:00:00-03:00</updated><id>http://localhost:4000/about-bundler</id><content type="html" xml:base="http://localhost:4000/about-bundler/">&lt;p&gt;&lt;code class=&quot;highlighter-rouge&quot;&gt;gem install bundler&lt;/code&gt; installs the bundler gem through RubyGems. You only need to install it once - not every time you create a new Jekyll project. Here are some additional details:&lt;/p&gt;

&lt;p&gt;&lt;code class=&quot;highlighter-rouge&quot;&gt;bundler&lt;/code&gt; is a gem that manages other Ruby gems. It makes sure your gems and gem versions are compatible, and that you have all necessary dependencies each gem requires.&lt;/p&gt;

&lt;p&gt;The &lt;code class=&quot;highlighter-rouge&quot;&gt;Gemfile&lt;/code&gt; and &lt;code class=&quot;highlighter-rouge&quot;&gt;Gemfile.lock&lt;/code&gt; files inform &lt;code class=&quot;highlighter-rouge&quot;&gt;Bundler&lt;/code&gt; about the gem requirements in your site. If your site doesn’t have these Gemfiles, you can omit &lt;code class=&quot;highlighter-rouge&quot;&gt;bundle exec&lt;/code&gt; and just &lt;code class=&quot;highlighter-rouge&quot;&gt;run jekyll serve&lt;/code&gt;.&lt;/p&gt;

&lt;p&gt;When you run &lt;code class=&quot;highlighter-rouge&quot;&gt;bundle exec jekyll serve&lt;/code&gt;, &lt;code class=&quot;highlighter-rouge&quot;&gt;Bundler&lt;/code&gt; uses the gems and versions as specified in &lt;code class=&quot;highlighter-rouge&quot;&gt;Gemfile.lock&lt;/code&gt; to ensure your Jekyll site builds with no compatibility or dependency conflicts.&lt;/p&gt;

&lt;p&gt;For more information about how to use &lt;code class=&quot;highlighter-rouge&quot;&gt;Bundler&lt;/code&gt; in your Jekyll project, this tutorial should provide answers to the most common questions and explain how to get up and running quickly.&lt;/p&gt;</content><author><name>sal</name></author><summary type="html">gem install bundler installs the bundler gem through RubyGems. You only need to install it once - not every time you create a new Jekyll project. Here are some additional details:</summary><media:thumbnail xmlns:media="http://search.yahoo.com/mrss/" url="http://localhost:4000/assets/img/skell/2.jpg" /><media:content medium="image" url="http://localhost:4000/assets/img/skell/2.jpg" xmlns:media="http://search.yahoo.com/mrss/" /></entry><entry><title type="html">External Featured Image</title><link href="http://localhost:4000/is-intelligence-enough/" rel="alternate" type="text/html" title="External Featured Image" /><published>2018-01-12T00:00:00-02:00</published><updated>2018-01-12T00:00:00-02:00</updated><id>http://localhost:4000/is-intelligence-enough</id><content type="html" xml:base="http://localhost:4000/is-intelligence-enough/">&lt;p&gt;Education must also train one for quick, resolute and effective thinking. To think incisively and to think for one’s self is very difficult.&lt;/p&gt;

&lt;blockquote&gt;
  &lt;p&gt;We are prone to let our mental life become invaded by legions of half truths, prejudices, and propaganda. At this point, I often wonder whether or not education is fulfilling its purpose. A great majority of the so-called educated people do not think logically and scientifically.&lt;/p&gt;
&lt;/blockquote&gt;

&lt;p&gt;Even the press, the classroom, the platform, and the pulpit in many instances do not give us objective and unbiased truths. To save man from the morass of propaganda, in my opinion, is one of the chief aims of education. Education must enable one to sift and weigh evidence, to discern the true from the false, the real from the unreal, and the facts from the fiction.&lt;/p&gt;

&lt;p&gt;The function of education, therefore, is to teach one to think intensively and to think critically. But education which stops with efficiency may prove the greatest menace to society. The most dangerous criminal may be the man gifted with reason, but with no morals.&lt;/p&gt;

&lt;p&gt;The late Eugene Talmadge, in my opinion, possessed one of the better minds of Georgia, or even America. Moreover, he wore the Phi Beta Kappa key. By all measuring rods, Mr. Talmadge could think critically and intensively; yet he contends that I am an inferior being. Are those the types of men we call educated?&lt;/p&gt;

&lt;p&gt;We must remember that intelligence is not enough. Intelligence plus character–that is the goal of true education. The complete education gives one not only power of concentration, but worthy objectives upon which to concentrate. The broad education will, therefore, transmit to one not only the accumulated knowledge of the race but also the accumulated experience of social living.&lt;/p&gt;</content><author><name>sal</name></author><summary type="html">Education must also train one for quick, resolute and effective thinking. To think incisively and to think for one’s self is very difficult.</summary><media:thumbnail xmlns:media="http://search.yahoo.com/mrss/" url="http://localhost:4000/assets/img/skell/1.jpg" /><media:content medium="image" url="http://localhost:4000/assets/img/skell/1.jpg" xmlns:media="http://search.yahoo.com/mrss/" /></entry><entry><title type="html">Never stopped worrying or loving the bomb</title><link href="http://localhost:4000/never-stopped-worrying-never-loved-bomb/" rel="alternate" type="text/html" title="Never stopped worrying or loving the bomb" /><published>2018-01-12T00:00:00-02:00</published><updated>2018-01-12T00:00:00-02:00</updated><id>http://localhost:4000/never-stopped-worrying-never-loved-bomb</id><content type="html" xml:base="http://localhost:4000/never-stopped-worrying-never-loved-bomb/">&lt;blockquote&gt;
  &lt;p&gt;I’ve been through fire and water, I tell you! From my earliest pebblehood the wildest things you could imagine have been happening to this world of ours, and I have been right in the midst of them.&lt;/p&gt;
&lt;/blockquote&gt;

&lt;p&gt;So begins Hallam Hawksworth’s The Strange Adventures of a Pebble. Written in the 1920s, the book was part of a series which also included The Adventures of a Grain of Dust and A Year in the Wonderland of Trees, all of which were supposed to introduce children to the world of Natural Sciences. In each of them, Hawksworth personifies the natural object he is exploring, and using a mixture of folk tales, scientific facts and colloquial, friendly explanations guides the reader through the history of the natural world. It’s a real thrill of a ride, dramatizing the life cycle of supposedly dull things. The Adventures of a Grain of Dust begins even more loudly than Pebble:&lt;/p&gt;

&lt;p&gt;I don’t want you to think that I’m boasting, but I do believe I’m one of the greatest travellers that ever was; and if anybody, living or dead, has ever gone through with more than I have I’d like to hear about it.
Hallam Hawksworth was the pen-name of teacher Francis Blake Atkinson. He was married to the author Eleanor Stackhouse Atkinson, author of the children’s classic Greyfriars Bobby, which was based on the (supposedly) true story of a Scottish dog who spent fourteen years guarding his masters grave. The couple were both committed to education and published a weekly magazine for Chicago high school students called The Little Chronicle, as well as working for Encyclopaedia companies later in life.&lt;/p&gt;</content><author><name>sal</name></author><summary type="html">I’ve been through fire and water, I tell you! From my earliest pebblehood the wildest things you could imagine have been happening to this world of ours, and I have been right in the midst of them.</summary><media:thumbnail xmlns:media="http://search.yahoo.com/mrss/" url="http://localhost:4000/assets/img/skell/14.jpg" /><media:content medium="image" url="http://localhost:4000/assets/img/skell/14.jpg" xmlns:media="http://search.yahoo.com/mrss/" /></entry><entry><title type="html">Options for creating a new site with Jekyll</title><link href="http://localhost:4000/options-for-creating-new-site-with-jekyll/" rel="alternate" type="text/html" title="Options for creating a new site with Jekyll" /><published>2018-01-12T00:00:00-02:00</published><updated>2018-01-12T00:00:00-02:00</updated><id>http://localhost:4000/options-for-creating-new-site-with-jekyll</id><content type="html" xml:base="http://localhost:4000/options-for-creating-new-site-with-jekyll/">&lt;p&gt;&lt;code class=&quot;highlighter-rouge&quot;&gt;jekyll new &amp;lt;PATH&amp;gt;&lt;/code&gt; installs a new Jekyll site at the path specified (relative to current directory). In this case, Jekyll will be installed in a directory called &lt;code class=&quot;highlighter-rouge&quot;&gt;myblog&lt;/code&gt;. Here are some additional details:&lt;/p&gt;

&lt;ul&gt;
  &lt;li&gt;To install the Jekyll site into the directory you’re currently in, run &lt;code class=&quot;highlighter-rouge&quot;&gt;jekyll new&lt;/code&gt; . If the existing directory isn’t empty, you can pass the –force option with jekyll new . –force.&lt;/li&gt;
  &lt;li&gt;&lt;code class=&quot;highlighter-rouge&quot;&gt;jekyll new&lt;/code&gt; automatically initiates &lt;code class=&quot;highlighter-rouge&quot;&gt;bundle install&lt;/code&gt; to install the dependencies required. (If you don’t want Bundler to install the gems, use &lt;code class=&quot;highlighter-rouge&quot;&gt;jekyll new myblog --skip-bundle&lt;/code&gt;.)&lt;/li&gt;
  &lt;li&gt;By default, the Jekyll site installed by &lt;code class=&quot;highlighter-rouge&quot;&gt;jekyll new&lt;/code&gt; uses a gem-based theme called Minima. With gem-based themes, some of the directories and files are stored in the theme-gem, hidden from your immediate view.&lt;/li&gt;
  &lt;li&gt;We recommend setting up Jekyll with a gem-based theme but if you want to start with a blank slate, use &lt;code class=&quot;highlighter-rouge&quot;&gt;jekyll new myblog --blank&lt;/code&gt;&lt;/li&gt;
  &lt;li&gt;To learn about other parameters you can include with &lt;code class=&quot;highlighter-rouge&quot;&gt;jekyll new&lt;/code&gt;, type &lt;code class=&quot;highlighter-rouge&quot;&gt;jekyll new --help&lt;/code&gt;.&lt;/li&gt;
&lt;/ul&gt;</content><author><name>john</name></author><summary type="html">jekyll new &amp;lt;PATH&amp;gt; installs a new Jekyll site at the path specified (relative to current directory). In this case, Jekyll will be installed in a directory called myblog. Here are some additional details:</summary><media:thumbnail xmlns:media="http://search.yahoo.com/mrss/" url="http://localhost:4000/assets/img/skell/13.jpg" /><media:content medium="image" url="http://localhost:4000/assets/img/skell/13.jpg" xmlns:media="http://search.yahoo.com/mrss/" /></entry></feed>